"RespondentId"	"student_type"	"department"	"tuition_covered"	"stipend_type"	"contract_position"	"funding_source"	"contract_term"	"stipend_amt"	"addtl_funding"	"addtl_amt"	"total_funding"	"Program"	"Level"	"College"	"dist"	"program_type"
"1"	96301331	"Doctorate"	"Anthropology"	"Yes"	"Yes"	"Graduate Teaching Assistant"	"Internal (within USC)"	"9-month"	15250	"No"	0	15250	"Anthropology"	"Doctorate"	"Arts and Sciences"	0	"Social Science"
"2"	96301636	"Doctorate"	"Anthropology"	"Partially"	"Yes"	"Graduate Teaching Assistant"	"Internal (within USC)"	"9-month"	12000	"No"	0	12000	"Anthropology"	"Doctorate"	"Arts and Sciences"	0	"Social Science"
"3"	96301758	"Doctorate"	"Anthropology"	"Yes"	"Yes"	"Other"	"Both"	"Other"	15500	"Yes"	0	15500	"Anthropology"	"Doctorate"	"Arts and Sciences"	0	"Social Science"
"4"	96300065	"Doctorate"	"Biological"	"Yes"	"Yes"	"Graduate Teaching Assistant"	"Both"	"Semester-based"	26000	"Yes"	0	26000	"Biological Sciences"	"Doctorate"	"Arts and Sciences"	0.157894736842105	"Natural Science"
"5"	96352446	"Doctorate"	"Biological"	"Yes"	"Yes"	"Graduate Teaching Assistant"	"Internal (within USC)"	"Semester-based"	26000	"No"	0	26000	"Biological Sciences"	"Doctorate"	"Arts and Sciences"	0.157894736842105	"Natural Science"
"6"	96302485	"Doctorate"	"Biological Science"	"Yes"	"Yes"	"Graduate Teaching Assistant"	"Internal (within USC)"	"Semester-based"	26000	"No"	0	26000	"Biological Sciences"	"Doctorate"	"Arts and Sciences"	0.0175438596491229	"Natural Science"
"7"	96302390	"Doctorate"	"Biological sciences"	"Yes"	"Yes"	"Graduate Teaching Assistant"	"Both"	"12-month"	26000	"Yes"	10000	36000	"Biological Sciences"	"Doctorate"	"Arts and Sciences"	0.0999025341130605	"Natural Science"
"8"	96300077	"Doctorate"	"Biological Sciences"	"Yes"	"Yes"	"Graduate Research Assistant"	"Both"	"Semester-based"	26000	"No"	0	26000	"Biological Sciences"	"Doctorate"	"Arts and Sciences"	0	"Natural Science"
"9"	96300100	"Doctorate"	"Biological Sciences"	"Yes"	"Yes"	"Graduate Teaching Assistant"	"Internal (within USC)"	"Semester-based"	15150	"No"	0	15150	"Biological Sciences"	"Doctorate"	"Arts and Sciences"	0	"Natural Science"
"10"	96300234	"Doctorate"	"Biological Sciences"	"Yes"	"Yes"	"Graduate Teaching Assistant"	"Internal (within USC)"	"Semester-based"	26000	"No"	0	26000	"Biological Sciences"	"Doctorate"	"Arts and Sciences"	0	"Natural Science"
"11"	96300430	"Doctorate"	"Biological Sciences"	"Partially"	"Yes"	"Graduate Teaching Assistant"	"Internal (within USC)"	"12-month"	26000	"No"	0	26000	"Biological Sciences"	"Doctorate"	"Arts and Sciences"	0	"Natural Science"
"12"	96300511	"Doctorate"	"Biological Sciences"	"Yes"	"Yes"	"Graduate Teaching Assistant"	"Internal (within USC)"	"Semester-based"	26000	"No"	0	26000	"Biological Sciences"	"Doctorate"	"Arts and Sciences"	0	"Natural Science"
"13"	96303563	"Doctorate"	"Biological Sciences"	"Yes"	"Yes"	"Graduate Teaching Assistant"	"Internal (within USC)"	"Semester-based"	26000	"No"	0	26000	"Biological Sciences"	"Doctorate"	"Arts and Sciences"	0	"Natural Science"
"14"	96303780	"Doctorate"	"Biological Sciences"	"Yes"	"Yes"	"Graduate Research Assistant"	"Internal (within USC)"	"12-month"	26000	"Yes"	3000	29000	"Biological Sciences"	"Doctorate"	"Arts and Sciences"	0	"Natural Science"
"15"	96347022	"Doctorate"	"Biological Sciences"	"Yes"	"Yes"	"Graduate Teaching Assistant"	"Both"	"12-month"	26000	"No"	0	26000	"Biological Sciences"	"Doctorate"	"Arts and Sciences"	0	"Natural Science"
"16"	96356947	"Doctorate"	"Biological Sciences"	"Yes"	"Yes"	"Graduate Teaching Assistant"	"Internal (within USC)"	"12-month"	26000	"No"	0	26000	"Biological Sciences"	"Doctorate"	"Arts and Sciences"	0	"Natural Science"
"17"	96329107	"Doctorate"	"biomedical engineering"	"Yes"	"Yes"	"Graduate Teaching Assistant"	"Internal (within USC)"	"12-month"	20000	"No"	0	20000	"Biomedical Engineering"	"Doctorate"	"Engineering and Computing"	0.102272727272727	"Engineering"
"18"	96346342	"Doctorate"	"Biomedical engineering"	"Yes"	"Yes"	"Graduate Teaching Assistant"	"Internal (within USC)"	"Semester-based"	11250	"No"	0	11250	"Biomedical Engineering"	"Doctorate"	"Engineering and Computing"	0.06998556998557	"Engineering"
"19"	96347503	"Doctorate"	"Biomedical Engineering"	"Partially"	"Yes"	"Graduate Teaching Assistant"	"Internal (within USC)"	"Semester-based"	9625	"No"	0	9625	"Biomedical Engineering"	"Doctorate"	"Engineering and Computing"	0	"Engineering"
"20"	96330200	"Doctorate"	"Biomedical Sciences"	"Yes"	"Yes"	"Graduate Teaching Assistant"	"Internal (within USC)"	"9-month"	21000	"No"	0	21000	"Biomedical Science"	"Doctorate"	"Medicine"	0.0175438596491229	"Natural Science"
"21"	96317287	"Doctorate"	"Biomedical Sciences PhD"	"Yes"	"Yes"	"Graduate Research Assistant"	"Internal (within USC)"	"9-month"	20000	"No"	0	20000	"Biomedical Science"	"Doctorate"	"Medicine"	0.0724637681159421	"Natural Science"
"22"	96299926	"Doctorate"	"Biomedical Sciences Program"	"Yes"	"Yes"	"Graduate Research Assistant"	"Internal (within USC)"	"12-month"	24000	"No"	0	24000	"Biomedical Science"	"Doctorate"	"Medicine"	0.111111111111111	"Natural Science"
"23"	96301059	"Doctorate"	"Biostatistics"	"No"	"Yes"	"Graduate Research Assistant"	"Internal (within USC)"	"12-month"	16000	"No"	0	16000	"Biostatistics"	"Doctorate"	"Public Health"	0	"Natural Science"
"24"	96301153	"Doctorate"	"Biostatistics"	"Yes"	"Yes"	"Graduate Research Assistant"	"Internal (within USC)"	"Other"	1700	"No"	0	1700	"Biostatistics"	"Doctorate"	"Public Health"	0	"Natural Science"
"25"	96301187	"Doctorate"	"Biostatistics"	"Yes"	"Yes"	"Graduate Research Assistant"	"Internal (within USC)"	"Semester-based"	6500	"No"	0	6500	"Biostatistics"	"Doctorate"	"Public Health"	0	"Natural Science"
"26"	96301404	"Doctorate"	"Biostatistics"	"Yes"	"Yes"	"Graduate Research Assistant"	"Internal (within USC)"	"12-month"	13000	"No"	0	13000	"Biostatistics"	"Doctorate"	"Public Health"	0	"Natural Science"
"27"	96346807	"Doctorate"	"Biostatistics"	"Yes"	"Yes"	"Graduate Research Assistant"	"Internal (within USC)"	"Semester-based"	13000	"No"	0	13000	"Biostatistics"	"Doctorate"	"Public Health"	0	"Natural Science"
"28"	96300356	"Doctorate"	"Business"	"Yes"	"Yes"	"Graduate Research Assistant"	"Internal (within USC)"	"12-month"	20000	"No"	0	20000	"Business Administration"	"Doctorate"	"Business"	0.217391304347826	"Professional"
"29"	96306815	"Doctorate"	"Business Administration (Management Science)"	"Yes"	"Yes"	"Graduate Research Assistant"	"Internal (within USC)"	"12-month"	20500	"No"	0	20500	"Business Administration"	"Doctorate"	"Business"	0.159090909090909	"Professional"
"30"	96309893	"Doctorate"	"Business Administration (Management/Org Behavior)"	"Yes"	"Yes"	"Graduate Staff Assistant"	"Internal (within USC)"	"12-month"	20500	"No"	0	20500	"Business Administration"	"Doctorate"	"Business"	0.17687074829932	"Professional"
"31"	96300112	"Doctorate"	"Chemical engineering"	"Yes"	"Yes"	"Graduate Research Assistant"	"Internal (within USC)"	"Other"	30500	"No"	0	30500	"Chemical Engineering"	"Doctorate"	"Engineering and Computing"	0.0771929824561404	"Engineering"
"32"	96357118	"Doctorate"	"Chemical engineering"	"Yes"	"Yes"	"Graduate Teaching Assistant"	"Internal (within USC)"	"12-month"	30000	"No"	0	30000	"Chemical Engineering"	"Doctorate"	"Engineering and Computing"	0.0771929824561404	"Engineering"
"33"	96299898	"Doctorate"	"Chemical Engineering"	"Yes"	"Yes"	"Graduate Research Assistant"	"Both"	"Semester-based"	10000	"Yes"	10000	20000	"Chemical Engineering"	"Doctorate"	"Engineering and Computing"	0	"Engineering"
"34"	96300125	"Doctorate"	"Chemical Engineering"	"Yes"	"Yes"	"Graduate Research Assistant"	"Internal (within USC)"	"Semester-based"	17600	"Yes"	12000	29600	"Chemical Engineering"	"Doctorate"	"Engineering and Computing"	0	"Engineering"
"35"	96303539	"Doctorate"	"Chemical Engineering"	"Yes"	"Yes"	"Graduate Research Assistant"	"Internal (within USC)"	"Semester-based"	30000	"No"	0	30000	"Chemical Engineering"	"Doctorate"	"Engineering and Computing"	0	"Engineering"
"36"	96304270	"Doctorate"	"Chemical Engineering"	"Yes"	"Yes"	"Graduate Research Assistant"	"Both"	"Semester-based"	11400	"No"	0	11400	"Chemical Engineering"	"Doctorate"	"Engineering and Computing"	0	"Engineering"
"37"	96299995	"Doctorate"	"chemistry"	"Yes"	"Yes"	"Graduate Teaching Assistant"	"Both"	"12-month"	26000	"No"	0	26000	"Chemistry"	"Doctorate"	"Arts and Sciences"	0.0740740740740742	"Natural Science"
"38"	96301198	"Doctorate"	"Chemistry"	"Yes"	"Yes"	"Graduate Research Assistant"	"Both"	"Semester-based"	10000	"No"	0	10000	"Chemistry"	"Doctorate"	"Arts and Sciences"	0	"Natural Science"
"39"	96301680	"Doctorate"	"Chemistry"	"Yes"	"Yes"	"Graduate Teaching Assistant"	"Internal (within USC)"	"Semester-based"	26000	"No"	0	26000	"Chemistry"	"Doctorate"	"Arts and Sciences"	0	"Natural Science"
"40"	96302746	"Doctorate"	"Chemistry"	"Yes"	"Yes"	"Graduate Research Assistant"	"Internal (within USC)"	"12-month"	26000	"No"	0	26000	"Chemistry"	"Doctorate"	"Arts and Sciences"	0	"Natural Science"
"41"	96304982	"Doctorate"	"Chemistry"	"Yes"	"Yes"	"Graduate Teaching Assistant"	"Internal (within USC)"	"12-month"	26000	"No"	0	26000	"Chemistry"	"Doctorate"	"Arts and Sciences"	0	"Natural Science"
"42"	96345350	"Doctorate"	"Chemistry"	"Yes"	"Yes"	"Graduate Teaching Assistant"	"Internal (within USC)"	"Semester-based"	26000	"No"	0	26000	"Chemistry"	"Doctorate"	"Arts and Sciences"	0	"Natural Science"
"43"	96346417	"Doctorate"	"Chemistry"	"Yes"	"Yes"	"Graduate Teaching Assistant"	"Internal (within USC)"	"Semester-based"	26000	"Yes"	4000	30000	"Chemistry"	"Doctorate"	"Arts and Sciences"	0	"Natural Science"
"44"	96300004	"Doctorate"	"Chemistry and biochemistry"	"Yes"	"Yes"	"Graduate Teaching Assistant"	"Internal (within USC)"	"9-month"	26000	"No"	0	26000	"Chemistry"	"Doctorate"	"Arts and Sciences"	0.217948717948718	"Natural Science"
"45"	96299943	"Doctorate"	"Chemistry and Biochemistry"	"Yes"	"Yes"	"Graduate Teaching Assistant"	"Internal (within USC)"	"Semester-based"	26000	"No"	0	26000	"Chemistry"	"Doctorate"	"Arts and Sciences"	0.217948717948718	"Natural Science"
"46"	96299999	"Doctorate"	"Chemistry and Biochemistry"	"Yes"	"Yes"	"Graduate Teaching Assistant"	"Internal (within USC)"	"12-month"	26000	"No"	0	26000	"Chemistry"	"Doctorate"	"Arts and Sciences"	0.217948717948718	"Natural Science"
"47"	96300676	"Doctorate"	"Chemistry and Biochemistry"	"Partially"	"Yes"	"Graduate Teaching Assistant"	"Internal (within USC)"	"Semester-based"	18000	"No"	0	18000	"Chemistry"	"Doctorate"	"Arts and Sciences"	0.217948717948718	"Natural Science"
"48"	96301233	"Doctorate"	"Chemistry and Biochemistry"	"Yes"	"Yes"	"Graduate Teaching Assistant"	"Internal (within USC)"	"12-month"	26000	"No"	0	26000	"Chemistry"	"Doctorate"	"Arts and Sciences"	0.217948717948718	"Natural Science"
"49"	96304194	"Doctorate"	"Chemistry and Biochemistry"	"Yes"	"Yes"	"Graduate Research Assistant"	"Internal (within USC)"	"Semester-based"	26000	"No"	0	26000	"Chemistry"	"Doctorate"	"Arts and Sciences"	0.217948717948718	"Natural Science"
"50"	96329932	"Doctorate"	"Chemistry and Biochemistry"	"Yes"	"Yes"	"Graduate Research Assistant"	"Both"	"Semester-based"	26000	"No"	0	26000	"Chemistry"	"Doctorate"	"Arts and Sciences"	0.217948717948718	"Natural Science"
"51"	96302862	"Doctorate"	"Comparative literature"	"Yes"	"Yes"	"Graduate Teaching Assistant"	"Internal (within USC)"	"9-month"	15000	"No"	0	15000	"Comparative Literature"	"Doctorate"	"Arts and Sciences"	0.0303030303030303	"Humanities"
"52"	96300413	"Doctorate"	"Comparative Literature"	"Yes"	"Yes"	"Graduate Teaching Assistant"	"Internal (within USC)"	"9-month"	15000	"No"	0	15000	"Comparative Literature"	"Doctorate"	"Arts and Sciences"	0	"Humanities"
"53"	96300490	"Doctorate"	"Comparative literature graduate program "	"Yes"	"Yes"	"Graduate Teaching Assistant"	"Internal (within USC)"	"Semester-based"	14000	"No"	0	14000	"Comparative Literature"	"Doctorate"	"Arts and Sciences"	0.173484848484849	"Humanities"
"54"	96316240	"Doctorate"	"Computer Engineering"	"No"	"Yes"	"Graduate Research Assistant"	"Internal (within USC)"	"12-month"	20500	"No"	0	20500	"Computer Engineering"	"Doctorate"	"Engineering and Computing"	0	"Engineering"
"55"	96300946	"Doctorate"	"computer science"	"Yes"	"Yes"	"Graduate Research Assistant"	"Internal (within USC)"	"9-month"	18900	"No"	0	18900	"Computer Science"	"Doctorate"	"Engineering and Computing"	0.0833333333333334	"Engineering"
"56"	96303962	"Doctorate"	"computer science"	"Yes"	"Yes"	"Graduate Teaching Assistant"	"Internal (within USC)"	"Semester-based"	8000	"No"	0	8000	"Computer Science"	"Doctorate"	"Engineering and Computing"	0.0833333333333334	"Engineering"
"57"	96300110	"Doctorate"	"Computer science"	"Yes"	"Yes"	"Graduate Teaching Assistant"	"Internal (within USC)"	"Semester-based"	16000	"No"	0	16000	"Computer Science"	"Doctorate"	"Engineering and Computing"	0.0416666666666667	"Engineering"
"58"	96300551	"Doctorate"	"Computer Science"	"Yes"	"Yes"	"Graduate Research Assistant"	"Internal (within USC)"	"12-month"	25000	"No"	0	25000	"Computer Science"	"Doctorate"	"Engineering and Computing"	0	"Engineering"
"59"	96301670	"Doctorate"	"Computer Science"	"Yes"	"Yes"	"Graduate Research Assistant"	"Internal (within USC)"	"9-month"	18900	"No"	0	18900	"Computer Science"	"Doctorate"	"Engineering and Computing"	0	"Engineering"
"60"	96326083	"Doctorate"	"Computer Science"	"Yes"	"Yes"	"Graduate Research Assistant"	"Internal (within USC)"	"9-month"	18900	"No"	0	18900	"Computer Science"	"Doctorate"	"Engineering and Computing"	0	"Engineering"
"61"	96354588	"Doctorate"	"Computer Science"	"Yes"	"Yes"	"Graduate Teaching Assistant"	"Internal (within USC)"	"Semester-based"	16000	"No"	0	16000	"Computer Science"	"Doctorate"	"Engineering and Computing"	0	"Engineering"
"62"	96356949	"Doctorate"	"Computer Science"	"Yes"	"Yes"	"Graduate Research Assistant"	"Internal (within USC)"	"9-month"	18900	"No"	0	18900	"Computer Science"	"Doctorate"	"Engineering and Computing"	0	"Engineering"
"63"	96299934	"Doctorate"	"Computer science and computer engineering"	"Yes"	"Yes"	"Graduate Research Assistant"	"Internal (within USC)"	"9-month"	18900	"No"	0	18900	"Computer Science"	"Doctorate"	"Engineering and Computing"	0.232215447154472	"Engineering"
"64"	96301985	"Doctorate"	"Computer science and engineering"	"Yes"	"Yes"	"Graduate Research Assistant"	"Both"	"12-month"	24000	"No"	0	24000	"Computer Science"	"Doctorate"	"Engineering and Computing"	0.197916666666667	"Engineering"
"65"	96299928	"Doctorate"	"Computer Science and Engineering"	"Yes"	"Yes"	"Graduate Teaching Assistant"	"Internal (within USC)"	"Semester-based"	16000	"No"	0	16000	"Computer Science"	"Doctorate"	"Engineering and Computing"	0.166666666666667	"Engineering"
"66"	96301384	"Doctorate"	"Computer Science and Engineering"	"Yes"	"Yes"	"Graduate Teaching Assistant"	"Internal (within USC)"	"Semester-based"	16000	"No"	0	16000	"Computer Science"	"Doctorate"	"Engineering and Computing"	0.166666666666667	"Engineering"
"67"	96343167	"Doctorate"	"Computer Science and Engineering"	"Yes"	"Yes"	"Graduate Research Assistant"	"Internal (within USC)"	"Semester-based"	16800	"No"	0	16800	"Computer Science"	"Doctorate"	"Engineering and Computing"	0.166666666666667	"Engineering"
"68"	96346381	"Doctorate"	"Counselor Education and Supervision"	"Partially"	"Yes"	"Graduate Research Assistant"	"Internal (within USC)"	"Semester-based"	20000	"No"	0	20000	"Counselor Education"	"Doctorate"	"Education"	0.152380952380953	"Humanities"
"69"	96301902	"Doctorate"	"Criminology"	"Yes"	"Yes"	"Instructor of Record"	"Internal (within USC)"	"9-month"	18000	"No"	0	18000	"Epidemiology"	"Doctorate"	"Public Health"	0.202020202020202	"Natural Science"
"70"	96310517	"Doctorate"	"Criminology & Criminal Justice"	"Yes"	"Yes"	"Graduate Teaching Assistant"	"Internal (within USC)"	"Semester-based"	18000	"Yes"	0	18000	"Criminology and Criminal Justice"	"Doctorate"	"Arts and Sciences"	0.0825909961685823	"Social Science"
"71"	96300143	"Doctorate"	"Criminology and Criminal justice"	"Yes"	"Yes"	"Instructor of Record"	"Internal (within USC)"	"9-month"	18000	"No"	0	18000	"Criminology and Criminal Justice"	"Doctorate"	"Arts and Sciences"	0.0208333333333334	"Social Science"
"72"	96300238	"Doctorate"	"Criminology and Criminal Justice"	"Yes"	"Yes"	"Graduate Teaching Assistant"	"Internal (within USC)"	"9-month"	18000	"No"	0	18000	"Criminology and Criminal Justice"	"Doctorate"	"Arts and Sciences"	0	"Social Science"
"73"	96309661	"Doctorate"	"Criminology and Criminal Justice"	"Yes"	"Yes"	"Graduate Teaching Assistant"	"Internal (within USC)"	"9-month"	20000	"No"	0	20000	"Criminology and Criminal Justice"	"Doctorate"	"Arts and Sciences"	0	"Social Science"
"74"	96318403	"Doctorate"	"Criminology and Criminal Justice"	"Yes"	"Yes"	"Graduate Teaching Assistant"	"Internal (within USC)"	"9-month"	18000	"Yes"	4000	22000	"Criminology and Criminal Justice"	"Doctorate"	"Arts and Sciences"	0	"Social Science"
"75"	96346202	"Doctorate"	"Criminology and Criminal Justice"	"Yes"	"Yes"	"Graduate Teaching Assistant"	"Internal (within USC)"	"9-month"	18000	"Yes"	4000	22000	"Criminology and Criminal Justice"	"Doctorate"	"Arts and Sciences"	0	"Social Science"
"76"	96302057	"Doctorate"	"Criminology and criminal Justice "	"Yes"	"Yes"	"Graduate Teaching Assistant"	"Internal (within USC)"	"9-month"	18000	"Yes"	4000	22000	"Criminology and Criminal Justice"	"Doctorate"	"Arts and Sciences"	0.105887504072988	"Social Science"
"77"	96303456	"Doctorate"	"DMA in Music Performance "	"Yes"	"Yes"	"Graduate Teaching Assistant"	"Internal (within USC)"	"Semester-based"	7000	"No"	0	7000	"Music Performance"	"Doctorate"	"Music"	0.243921568627451	"Humanities"
"78"	96301027	"Doctorate"	"Economics"	"Yes"	"Yes"	"Graduate Research Assistant"	"Internal (within USC)"	"9-month"	2200	"No"	0	2200	"Economics"	"Doctorate"	"Business"	0	"Social Science"
"79"	96301544	"Doctorate"	"Economics"	"Yes"	"Yes"	"Graduate Teaching Assistant"	"Internal (within USC)"	"12-month"	23000	"No"	0	23000	"Economics"	"Doctorate"	"Business"	0	"Social Science"
"80"	96330288	"Doctorate"	"Economics"	"Yes"	"Yes"	"Graduate Research Assistant"	"Internal (within USC)"	"12-month"	23000	"No"	0	23000	"Economics"	"Doctorate"	"Business"	0	"Social Science"
"81"	96346322	"Doctorate"	"Economics"	"Yes"	"Yes"	"Other"	"Internal (within USC)"	"12-month"	23000	"No"	0	23000	"Economics"	"Doctorate"	"Business"	0	"Social Science"
"82"	96346324	"Doctorate"	"Economics"	"Yes"	"Yes"	"Graduate Teaching Assistant"	"Internal (within USC)"	"12-month"	23000	"No"	0	23000	"Economics"	"Doctorate"	"Business"	0	"Social Science"
"83"	96300269	"Doctorate"	"electrical engineering"	"Yes"	"Yes"	"Graduate Research Assistant"	"Internal (within USC)"	"12-month"	24000	"No"	0	24000	"Electrical Engineering"	"Doctorate"	"Engineering and Computing"	0.118939393939394	"Engineering"
"84"	96300364	"Doctorate"	"Electrical Engineering Department"	"Yes"	"Yes"	"Graduate Research Assistant"	"Internal (within USC)"	"9-month"	27600	"No"	0	27600	"Electrical Engineering"	"Doctorate"	"Engineering and Computing"	0.111111111111111	"Engineering"
"85"	96300567	"Doctorate"	"English"	"Yes"	"Yes"	"Instructor of Record"	"Internal (within USC)"	"9-month"	14800	"No"	0	14800	"English"	"Doctorate"	"Arts and Sciences"	0	"Humanities"
"86"	96300570	"Doctorate"	"English"	"Yes"	"Yes"	"Graduate Teaching Assistant"	"Internal (within USC)"	"9-month"	14800	"No"	0	14800	"English"	"Doctorate"	"Arts and Sciences"	0	"Humanities"
"87"	96301250	"Doctorate"	"English"	"Yes"	"Yes"	"Graduate Teaching Assistant"	"Internal (within USC)"	"9-month"	14800	"Yes"	3000	17800	"English"	"Doctorate"	"Arts and Sciences"	0	"Humanities"
"88"	96304234	"Doctorate"	"English (Literature)"	"Yes"	"Yes"	"Graduate Teaching Assistant"	"Internal (within USC)"	"12-month"	14800	"No"	0	14800	"English"	"Doctorate"	"Arts and Sciences"	0.216666666666667	"Humanities"
"89"	96300115	"Doctorate"	"English Department"	"Yes"	"Yes"	"Graduate Teaching Assistant"	"Internal (within USC)"	"12-month"	14800	"No"	0	14800	"English"	"Doctorate"	"Arts and Sciences"	0.203703703703704	"Humanities"
"90"	96321052	"Doctorate"	"English Department"	"Yes"	"Yes"	"Graduate Teaching Assistant"	"Internal (within USC)"	"9-month"	14800	"Yes"	4000	18800	"English"	"Doctorate"	"Arts and Sciences"	0.203703703703704	"Humanities"
"91"	96300028	"Doctorate"	"Environmental Health Sciences"	"Yes"	"Yes"	"Graduate Research Assistant"	"Internal (within USC)"	"Semester-based"	7500	"No"	0	7500	"Environmental Health Sciences"	"Doctorate"	"Public Health"	0	"Natural Science"
"92"	96300191	"Doctorate"	"Environmental Health Sciences"	"Partially"	"Yes"	"Graduate Research Assistant"	"Internal (within USC)"	"Semester-based"	11000	"No"	0	11000	"Environmental Health Sciences"	"Doctorate"	"Public Health"	0	"Natural Science"
"93"	96302037	"Doctorate"	"Environmental Health Sciences"	"Yes"	"Yes"	"Graduate Research Assistant"	"Internal (within USC)"	"12-month"	20000	"No"	0	20000	"Environmental Health Sciences"	"Doctorate"	"Public Health"	0	"Natural Science"
"94"	96319638	"Doctorate"	"Environmental Health Sciences"	"Yes"	"Yes"	"Graduate Research Assistant"	"Both"	"Semester-based"	20000	"Yes"	0	20000	"Environmental Health Sciences"	"Doctorate"	"Public Health"	0	"Natural Science"
"95"	96302379	"Doctorate"	"Epidemiology"	"Partially"	"Yes"	"Graduate Research Assistant"	"Internal (within USC)"	"Semester-based"	13000	"Yes"	10000	23000	"Epidemiology"	"Doctorate"	"Public Health"	0	"Natural Science"
"96"	96302132	"Doctorate"	"Epidemiology and Biostatistics"	"Partially"	"Yes"	"Graduate Research Assistant"	"Internal (within USC)"	"9-month"	13000	"Yes"	10000	23000	"Epidemiology"	"Doctorate"	"Public Health"	0.2	"Natural Science"
"97"	96304217	"Doctorate"	"Epidemiology and Biostatistics"	"Yes"	"Yes"	"Graduate Research Assistant"	"Internal (within USC)"	"12-month"	13000	"Yes"	20000	33000	"Epidemiology"	"Doctorate"	"Public Health"	0.2	"Natural Science"
"98"	96347105	"Doctorate"	"Epidemiology and Biostatistics"	"Yes"	"Yes"	"Graduate Research Assistant"	"Internal (within USC)"	"9-month"	20000	"No"	0	20000	"Epidemiology"	"Doctorate"	"Public Health"	0.2	"Natural Science"
"99"	96300258	"Doctorate"	"Exercise science"	"Yes"	"Yes"	"Graduate Research Assistant"	"Both"	"12-month"	24500	"No"	0	24500	"Exercise Science"	"Doctorate"	"Public Health"	0.0416666666666667	"Natural Science"
"100"	96302070	"Doctorate"	"Exercise science"	"Yes"	"Yes"	"Graduate Research Assistant"	"Internal (within USC)"	"12-month"	24000	"No"	0	24000	"Exercise Science"	"Doctorate"	"Public Health"	0.0416666666666667	"Natural Science"
"101"	96299925	"Doctorate"	"Exercise Science"	"Partially"	"Yes"	"Graduate Teaching Assistant"	"Internal (within USC)"	"Semester-based"	20000	"Yes"	0	20000	"Exercise Science"	"Doctorate"	"Public Health"	0	"Natural Science"
"102"	96319063	"Doctorate"	"Exercise Science"	"Yes"	"Yes"	"Graduate Teaching Assistant"	"Internal (within USC)"	"12-month"	20000	"No"	0	20000	"Exercise Science"	"Doctorate"	"Public Health"	0	"Natural Science"
"103"	96357018	"Doctorate"	"Exercise Science"	"Yes"	"Yes"	"Graduate Research Assistant"	"Both"	"12-month"	25000	"No"	0	25000	"Exercise Science"	"Doctorate"	"Public Health"	0	"Natural Science"
"104"	96304238	"Doctorate"	"Exercise Science PdD"	"Yes"	"Yes"	"Graduate Research Assistant"	"Both"	"9-month"	20000	"No"	0	20000	"Exercise Science"	"Doctorate"	"Public Health"	0.0666666666666668	"Natural Science"
"105"	96300251	"Doctorate"	"Geography"	"Yes"	"Yes"	"Graduate Research Assistant"	"Internal (within USC)"	"9-month"	15500	"No"	0	15500	"Geography"	"Doctorate"	"Arts and Sciences"	0	"Natural Science"
"106"	96300272	"Doctorate"	"Geography"	"Yes"	"Yes"	"Graduate Teaching Assistant"	"Internal (within USC)"	"Semester-based"	15000	"Yes"	0	15000	"Geography"	"Doctorate"	"Arts and Sciences"	0	"Natural Science"
"107"	96300554	"Doctorate"	"Health Promotion"	"Partially"	"Yes"	"Graduate Research Assistant"	"Internal (within USC)"	"Semester-based"	7200	"No"	0	7200	"Health Promotion, Education, and Behavior"	"Doctorate"	"Public Health"	0.203252032520325	"Social Science"
"108"	96301086	"Doctorate"	"Health Promotion"	"Yes"	"Yes"	"Graduate Research Assistant"	"Internal (within USC)"	"9-month"	16000	"No"	0	16000	"Health Promotion, Education, and Behavior"	"Doctorate"	"Public Health"	0.203252032520325	"Social Science"
"109"	96301390	"Doctorate"	"Health Promotion"	"Yes"	"Yes"	"Graduate Teaching Assistant"	"Internal (within USC)"	"9-month"	34000	"Yes"	10000	44000	"Health Promotion, Education, and Behavior"	"Doctorate"	"Public Health"	0.203252032520325	"Social Science"
"110"	96301449	"Doctorate"	"Health Promotion"	"Yes"	"Yes"	"Graduate Research Assistant"	"Internal (within USC)"	"9-month"	16000	"No"	0	16000	"Health Promotion, Education, and Behavior"	"Doctorate"	"Public Health"	0.203252032520325	"Social Science"
"111"	96301842	"Doctorate"	"Health Promotion"	"Yes"	"Yes"	"Graduate Teaching Assistant"	"Internal (within USC)"	"9-month"	13000	"No"	0	13000	"Health Promotion, Education, and Behavior"	"Doctorate"	"Public Health"	0.203252032520325	"Social Science"
"112"	96302126	"Doctorate"	"Health Promotion"	"Yes"	"Yes"	"Graduate Research Assistant"	"Internal (within USC)"	"9-month"	14000	"No"	0	14000	"Health Promotion, Education, and Behavior"	"Doctorate"	"Public Health"	0.203252032520325	"Social Science"
"113"	96302995	"Doctorate"	"Health Promotion"	"Yes"	"Yes"	"Graduate Research Assistant"	"Internal (within USC)"	"12-month"	18000	"No"	0	18000	"Health Promotion, Education, and Behavior"	"Doctorate"	"Public Health"	0.203252032520325	"Social Science"
"114"	96319917	"Doctorate"	"Health Promotion Education and Behavior"	"Yes"	"Yes"	"Graduate Research Assistant"	"Both"	"Semester-based"	34000	"Yes"	0	34000	"Health Promotion, Education, and Behavior"	"Doctorate"	"Public Health"	0.0162601626016261	"Social Science"
"115"	96302298	"Doctorate"	"Health Promotion, Education and Behavior"	"Yes"	"Yes"	"Graduate Research Assistant"	"Internal (within USC)"	"9-month"	16000	"No"	0	16000	"Health Promotion, Education, and Behavior"	"Doctorate"	"Public Health"	0.00813008130081305	"Social Science"
"116"	96299954	"Doctorate"	"Health Promotion, Education, and Behavior"	"Yes"	"Yes"	"Graduate Teaching Assistant"	"Internal (within USC)"	"Semester-based"	16000	"No"	0	16000	"Health Promotion, Education, and Behavior"	"Doctorate"	"Public Health"	0	"Social Science"
"117"	96300011	"Doctorate"	"Health Promotion, Education, and Behavior"	"Yes"	"Yes"	"Graduate Research Assistant"	"Both"	"9-month"	16000	"Yes"	1000	17000	"Health Promotion, Education, and Behavior"	"Doctorate"	"Public Health"	0	"Social Science"
"118"	96300943	"Doctorate"	"Health Promotion, Education, and Behavior"	"Yes"	"Yes"	"Graduate Research Assistant"	"Internal (within USC)"	"9-month"	15600	"No"	0	15600	"Health Promotion, Education, and Behavior"	"Doctorate"	"Public Health"	0	"Social Science"
"119"	96303697	"Doctorate"	"Health Promotion, Education, and Behavior"	"Yes"	"Yes"	"Graduate Research Assistant"	"Internal (within USC)"	"9-month"	16000	"Yes"	1000	17000	"Health Promotion, Education, and Behavior"	"Doctorate"	"Public Health"	0	"Social Science"
"120"	96300236	"Doctorate"	"Health Services Policy and Management"	"Yes"	"Yes"	"Graduate Research Assistant"	"Internal (within USC)"	"9-month"	20000	"No"	0	20000	"Health Services Policy and Management"	"Doctorate"	"Public Health"	0	"Humanities"
"121"	96300993	"Doctorate"	"history"	"Yes"	"Yes"	"Graduate Teaching Assistant"	"Internal (within USC)"	"Semester-based"	17250	"No"	0	17250	"History"	"Doctorate"	"Arts and Sciences"	0.0952380952380952	"Humanities"
"122"	96300528	"Doctorate"	"History"	"Partially"	"Yes"	"Graduate Teaching Assistant"	"Both"	"Semester-based"	15720	"No"	0	15720	"History"	"Doctorate"	"Arts and Sciences"	0	"Humanities"
"123"	96347045	"Doctorate"	"History"	"Yes"	"Yes"	"Graduate Teaching Assistant"	"Internal (within USC)"	"9-month"	17500	"No"	0	17500	"History"	"Doctorate"	"Arts and Sciences"	0	"Humanities"
"124"	96300448	"Doctorate"	"Hospitality Management"	"Yes"	"Yes"	"Instructor of Record"	"Internal (within USC)"	"Semester-based"	21000	"Yes"	10000	31000	"Hospitality Management"	"Doctorate"	"Hospitality Retail and Sport Management"	0	"Humanities"
"125"	96303055	"Doctorate"	"Hospitality Management"	"Yes"	"Yes"	"Graduate Research Assistant"	"Internal (within USC)"	"9-month"	21000	"No"	0	21000	"Hospitality Management"	"Doctorate"	"Hospitality Retail and Sport Management"	0	"Humanities"
"126"	96318491	"Doctorate"	"Hospitality Management"	"Partially"	"Yes"	"Graduate Research Assistant"	"Internal (within USC)"	"9-month"	21000	"No"	0	21000	"Hospitality Management"	"Doctorate"	"Hospitality Retail and Sport Management"	0	"Humanities"
"127"	96300252	"Doctorate"	"journalism and mass communication"	"No"	"Yes"	"Instructor of Record"	"Internal (within USC)"	"Other"	9000	"No"	0	9000	"Journalism and Mass Communications"	"Doctorate"	"Information and Communications"	0.125074272133096	"Humanities"
"128"	96306562	"Doctorate"	"journalism and mass communication"	"Yes"	"Yes"	"Graduate Research Assistant"	"Internal (within USC)"	"9-month"	18000	"No"	0	18000	"Journalism and Mass Communications"	"Doctorate"	"Information and Communications"	0.125074272133096	"Humanities"
"129"	96300344	"Doctorate"	"Library and Information Science"	"Partially"	"Yes"	"Graduate Research Assistant"	"Internal (within USC)"	"9-month"	4800	"Yes"	500	5300	"Library and Information Science"	"Doctorate"	"Information and Communications"	0	"Social Science"
"130"	96300089	"Doctorate"	"Linguistics"	"Yes"	"Yes"	"Graduate Staff Assistant"	"Internal (within USC)"	"9-month"	14000	"No"	0	14000	"Linguistics"	"Doctorate"	"Arts and Sciences"	0	"Humanities"
"131"	96300211	"Doctorate"	"Linguistics"	"Yes"	"Yes"	"Graduate Staff Assistant"	"Both"	"9-month"	19000	"No"	0	19000	"Linguistics"	"Doctorate"	"Arts and Sciences"	0	"Humanities"
"132"	96300622	"Doctorate"	"Linguistics"	"Yes"	"Yes"	"Graduate Teaching Assistant"	"Internal (within USC)"	"9-month"	16000	"Yes"	4000	20000	"Linguistics"	"Doctorate"	"Arts and Sciences"	0	"Humanities"
"133"	96301773	"Doctorate"	"Linguistics"	"Yes"	"Yes"	"Instructor of Record"	"Internal (within USC)"	"9-month"	16000	"No"	0	16000	"Linguistics"	"Doctorate"	"Arts and Sciences"	0	"Humanities"
"134"	96316862	"Doctorate"	"Linguistics"	"Partially"	"Yes"	"Instructor of Record"	"Internal (within USC)"	"9-month"	14600	"Yes"	10000	24600	"Linguistics"	"Doctorate"	"Arts and Sciences"	0	"Humanities"
"135"	96337673	"Doctorate"	"Linguistics"	"Yes"	"Yes"	"Graduate Teaching Assistant"	"Internal (within USC)"	"9-month"	15000	"No"	0	15000	"Linguistics"	"Doctorate"	"Arts and Sciences"	0	"Humanities"
"136"	96351537	"Doctorate"	"Linguistics"	"Yes"	"Yes"	"Instructor of Record"	"Internal (within USC)"	"9-month"	15000	"No"	0	15000	"Linguistics"	"Doctorate"	"Arts and Sciences"	0	"Humanities"
"137"	96301457	"Doctorate"	"Linguistics Program"	"Yes"	"Yes"	"Graduate Teaching Assistant"	"Internal (within USC)"	"9-month"	15000	"No"	0	15000	"Linguistics"	"Doctorate"	"Arts and Sciences"	0.140350877192982	"Humanities"
"138"	96304482	"Doctorate"	"Linguistics Program"	"Yes"	"Yes"	"Graduate Research Assistant"	"Internal (within USC)"	"9-month"	15000	"Yes"	0	15000	"Linguistics"	"Doctorate"	"Arts and Sciences"	0.140350877192982	"Humanities"
"139"	96300521	"Doctorate"	"Marine science"	"Yes"	"Yes"	"Graduate Research Assistant"	"Internal (within USC)"	"9-month"	17000	"Yes"	6500	23500	"Marine Science"	"Doctorate"	"Arts and Sciences"	0.0476190476190477	"Natural Science"
"140"	96347179	"Doctorate"	"Marine Science"	"Partially"	"Yes"	"Graduate Teaching Assistant"	"Internal (within USC)"	"Semester-based"	17250	"No"	0	17250	"Marine Science"	"Doctorate"	"Arts and Sciences"	0	"Natural Science"
"141"	96300547	"Doctorate"	"Math"	"Partially"	"Yes"	"Graduate Teaching Assistant"	"Internal (within USC)"	"Semester-based"	9750	"No"	0	9750	"Mathematics"	"Doctorate"	"Arts and Sciences"	0.212121212121212	"Natural Science"
"142"	96299899	"Doctorate"	"Mathematics"	"Yes"	"Yes"	"Instructor of Record"	"Internal (within USC)"	"Semester-based"	20000	"Yes"	4000	24000	"Mathematics"	"Doctorate"	"Arts and Sciences"	0	"Natural Science"
"143"	96300062	"Doctorate"	"Mathematics"	"Yes"	"Yes"	"Graduate Teaching Assistant"	"Internal (within USC)"	"9-month"	19500	"No"	0	19500	"Mathematics"	"Doctorate"	"Arts and Sciences"	0	"Natural Science"
"144"	96301150	"Doctorate"	"Mathematics"	"Yes"	"Yes"	"Graduate Teaching Assistant"	"Internal (within USC)"	"9-month"	19500	"No"	0	19500	"Mathematics"	"Doctorate"	"Arts and Sciences"	0	"Natural Science"
"145"	96302235	"Doctorate"	"Mathematics"	"Yes"	"Yes"	"Graduate Teaching Assistant"	"Internal (within USC)"	"9-month"	20000	"No"	0	20000	"Mathematics"	"Doctorate"	"Arts and Sciences"	0	"Natural Science"
"146"	96302656	"Doctorate"	"Mathematics"	"Yes"	"Yes"	"Instructor of Record"	"Internal (within USC)"	"9-month"	20000	"No"	0	20000	"Mathematics"	"Doctorate"	"Arts and Sciences"	0	"Natural Science"
"147"	96305149	"Doctorate"	"Mathematics"	"Yes"	"Yes"	"Graduate Teaching Assistant"	"Internal (within USC)"	"Semester-based"	20000	"No"	0	20000	"Mathematics"	"Doctorate"	"Arts and Sciences"	0	"Natural Science"
"148"	96346358	"Doctorate"	"Mathematics"	"Partially"	"Yes"	"Graduate Teaching Assistant"	"Internal (within USC)"	"9-month"	19500	"No"	0	19500	"Mathematics"	"Doctorate"	"Arts and Sciences"	0	"Natural Science"
"149"	96300029	"Doctorate"	"Mechanical Engineering"	"Yes"	"Yes"	"Graduate Research Assistant"	"Internal (within USC)"	"Semester-based"	21600	"No"	0	21600	"Mechanical Engineering"	"Doctorate"	"Engineering and Computing"	0	"Engineering"
"150"	96300591	"Doctorate"	"Mechanical Engineering"	"Yes"	"Yes"	"Graduate Research Assistant"	"Internal (within USC)"	"12-month"	24500	"No"	0	24500	"Mechanical Engineering"	"Doctorate"	"Engineering and Computing"	0	"Engineering"
"151"	96303109	"Doctorate"	"Mechanical Engineering"	"Yes"	"Yes"	"Graduate Research Assistant"	"Both"	"9-month"	18500	"No"	0	18500	"Mechanical Engineering"	"Doctorate"	"Engineering and Computing"	0	"Engineering"
"152"	96337949	"Doctorate"	"Mechanical Engineering"	"Yes"	"Yes"	"Graduate Staff Assistant"	"Internal (within USC)"	"9-month"	19000	"Yes"	10000	29000	"Mechanical Engineering"	"Doctorate"	"Engineering and Computing"	0	"Engineering"
"153"	96300185	"Doctorate"	"Music"	"Partially"	"Yes"	"Graduate Teaching Assistant"	"Internal (within USC)"	"9-month"	7704	"No"	0	7704	"Music Education"	"Doctorate"	"Music"	0.222222222222222	"Humanities"
"154"	96301607	"Doctorate"	"Music"	"Yes"	"Yes"	"Graduate Research Assistant"	"Internal (within USC)"	"12-month"	8000	"No"	0	8000	"Music Education"	"Doctorate"	"Music"	0.222222222222222	"Humanities"
"155"	96302565	"Doctorate"	"Music"	"Partially"	"Yes"	"Graduate Teaching Assistant"	"Both"	"9-month"	8000	"Yes"	1500	9500	"Music Education"	"Doctorate"	"Music"	0.222222222222222	"Humanities"
"156"	96302776	"Doctorate"	"Music"	"Yes"	"Yes"	"Other"	"Internal (within USC)"	"9-month"	8000	"No"	0	8000	"Music Education"	"Doctorate"	"Music"	0.222222222222222	"Humanities"
"157"	96317750	"Doctorate"	"Music"	"Partially"	"Yes"	"Instructor of Record"	"Internal (within USC)"	"9-month"	8000	"No"	0	8000	"Music Education"	"Doctorate"	"Music"	0.222222222222222	"Humanities"
"158"	96320846	"Doctorate"	"Music"	"Yes"	"Yes"	"Graduate Teaching Assistant"	"Internal (within USC)"	"Semester-based"	5200	"Yes"	1500	6700	"Music Education"	"Doctorate"	"Music"	0.222222222222222	"Humanities"
"159"	96326882	"Doctorate"	"Music"	"Partially"	"Yes"	"Graduate Staff Assistant"	"Internal (within USC)"	"12-month"	8600	"No"	0	8600	"Music Education"	"Doctorate"	"Music"	0.222222222222222	"Humanities"
"160"	96346390	"Doctorate"	"Music"	"Yes"	"Yes"	"Graduate Teaching Assistant"	"Internal (within USC)"	"9-month"	8000	"Yes"	1500	9500	"Music Education"	"Doctorate"	"Music"	0.222222222222222	"Humanities"
"161"	96300388	"Doctorate"	"Nursing"	"No"	"Yes"	"Other"	"Both"	"Semester-based"	3200	"Yes"	0	3200	"Nursing Science"	"Doctorate"	"Nursing"	0.177777777777778	"Professional"
"162"	96302978	"Doctorate"	"Nursing"	"Partially"	"Yes"	"Graduate Teaching Assistant"	"Internal (within USC)"	"Semester-based"	3000	"No"	0	3000	"Nursing Science"	"Doctorate"	"Nursing"	0.177777777777778	"Professional"
"163"	96300347	"Doctorate"	"PhD in Electrical Engineering"	"Yes"	"Yes"	"Graduate Research Assistant"	"Internal (within USC)"	"12-month"	25000	"No"	0	25000	"Electrical Engineering"	"Doctorate"	"Engineering and Computing"	0.239550679205852	"Engineering"
"164"	96300161	"Doctorate"	"PhD in Environmental Health Sciences"	"Yes"	"Yes"	"Graduate Research Assistant"	"Internal (within USC)"	"12-month"	20000	"No"	0	20000	"Environmental Health Sciences"	"Doctorate"	"Public Health"	0.214240102171137	"Natural Science"
"165"	96346595	"Doctorate"	"PhD in Geological Sciences "	"Yes"	"Yes"	"Graduate Teaching Assistant"	"Internal (within USC)"	"12-month"	25250	"No"	0	25250	"Geological Sciences"	"Doctorate"	"Arts and Sciences"	0.239116309291748	"Natural Science"
"166"	96301014	"Doctorate"	"Philosophy"	"Yes"	"Yes"	"Graduate Teaching Assistant"	"Internal (within USC)"	"9-month"	21000	"Yes"	4000	25000	"Philosophy"	"Doctorate"	"Arts and Sciences"	0	"Humanities"
"167"	96301772	"Doctorate"	"Physical Education"	"Partially"	"Yes"	"Graduate Teaching Assistant"	"Internal (within USC)"	"9-month"	11000	"No"	0	11000	"Physical Education"	"Doctorate"	"Education"	0	"Humanities"
"168"	96328200	"Doctorate"	"Physical Education"	"Partially"	"Yes"	"Graduate Teaching Assistant"	"Internal (within USC)"	"9-month"	21500	"No"	0	21500	"Physical Education"	"Doctorate"	"Education"	0	"Humanities"
"169"	96318103	"Doctorate"	"Physical Education Ph.D."	"Partially"	"Yes"	"Graduate Teaching Assistant"	"Internal (within USC)"	"9-month"	10000	"No"	0	10000	"Physical Education"	"Doctorate"	"Education"	0.0833333333333334	"Humanities"
"170"	96303726	"Doctorate"	"Physical Education, PhD program"	"Partially"	"Yes"	"Graduate Teaching Assistant"	"Internal (within USC)"	"Semester-based"	10000	"No"	0	10000	"Physical Education"	"Doctorate"	"Education"	0.139784946236559	"Humanities"
"171"	96300151	"Doctorate"	"Physics"	"Yes"	"Yes"	"Graduate Teaching Assistant"	"Internal (within USC)"	"9-month"	19250	"No"	0	19250	"Physics"	"Doctorate"	"Arts and Sciences"	0	"Natural Science"
"172"	96302187	"Doctorate"	"Physics"	"Yes"	"Yes"	"Graduate Teaching Assistant"	"Internal (within USC)"	"9-month"	19000	"No"	0	19000	"Physics"	"Doctorate"	"Arts and Sciences"	0	"Natural Science"
"173"	96357017	"Doctorate"	"Physics"	"Partially"	"Yes"	"Graduate Teaching Assistant"	"Internal (within USC)"	"9-month"	19000	"No"	0	19000	"Physics"	"Doctorate"	"Arts and Sciences"	0	"Natural Science"
"174"	96346365	"Doctorate"	"Physics and Astronomy"	"Yes"	"Yes"	"Graduate Research Assistant"	"Internal (within USC)"	"Semester-based"	22000	"No"	0	22000	"Physics"	"Doctorate"	"Arts and Sciences"	0.222222222222222	"Natural Science"
"175"	96302194	"Doctorate"	"Political science"	"Yes"	"Yes"	"Graduate Teaching Assistant"	"Internal (within USC)"	"9-month"	14400	"No"	0	14400	"Political Science"	"Doctorate"	"Arts and Sciences"	0.0392156862745099	"Social Science"
"176"	96299945	"Doctorate"	"Political Science"	"Yes"	"Yes"	"Graduate Teaching Assistant"	"Internal (within USC)"	"9-month"	19250	"No"	0	19250	"Political Science"	"Doctorate"	"Arts and Sciences"	0	"Social Science"
"177"	96300392	"Doctorate"	"Political Science"	"Yes"	"Yes"	"Graduate Teaching Assistant"	"Internal (within USC)"	"9-month"	15000	"No"	0	15000	"Political Science"	"Doctorate"	"Arts and Sciences"	0	"Social Science"
"178"	96300396	"Doctorate"	"Political Science"	"Yes"	"Yes"	"Graduate Teaching Assistant"	"Internal (within USC)"	"Semester-based"	15250	"No"	0	15250	"Political Science"	"Doctorate"	"Arts and Sciences"	0	"Social Science"
"179"	96302198	"Doctorate"	"Political Science"	"Yes"	"Yes"	"Graduate Teaching Assistant"	"Internal (within USC)"	"9-month"	15250	"No"	0	15250	"Political Science"	"Doctorate"	"Arts and Sciences"	0	"Social Science"
"180"	96302421	"Doctorate"	"Political Science"	"Yes"	"Yes"	"Graduate Teaching Assistant"	"Internal (within USC)"	"9-month"	15250	"No"	0	15250	"Political Science"	"Doctorate"	"Arts and Sciences"	0	"Social Science"
"181"	96346201	"Doctorate"	"Political Science"	"Yes"	"Yes"	"Graduate Teaching Assistant"	"Internal (within USC)"	"12-month"	15250	"No"	0	15250	"Political Science"	"Doctorate"	"Arts and Sciences"	0	"Social Science"
"182"	96356327	"Doctorate"	"Political Science"	"Yes"	"Yes"	"Graduate Teaching Assistant"	"Internal (within USC)"	"12-month"	15250	"No"	0	15250	"Political Science"	"Doctorate"	"Arts and Sciences"	0	"Social Science"
"183"	96304215	"Doctorate"	"psychology"	"Yes"	"Yes"	"Graduate Research Assistant"	"Internal (within USC)"	"9-month"	18250	"No"	0	18250	"Psychology"	"Doctorate"	"Arts and Sciences"	0.0666666666666668	"Social Science"
"184"	96299917	"Doctorate"	"Psychology"	"Yes"	"Yes"	"Graduate Teaching Assistant"	"Internal (within USC)"	"9-month"	18250	"Yes"	4000	22250	"Psychology"	"Doctorate"	"Arts and Sciences"	0	"Social Science"
"185"	96300061	"Doctorate"	"Psychology"	"Yes"	"Yes"	"Graduate Teaching Assistant"	"Internal (within USC)"	"9-month"	18250	"No"	0	18250	"Psychology"	"Doctorate"	"Arts and Sciences"	0	"Social Science"
"186"	96300092	"Doctorate"	"Psychology"	"Yes"	"Yes"	"Graduate Teaching Assistant"	"Internal (within USC)"	"9-month"	18000	"No"	0	18000	"Psychology"	"Doctorate"	"Arts and Sciences"	0	"Social Science"
"187"	96300163	"Doctorate"	"Psychology"	"Yes"	"Yes"	"Graduate Teaching Assistant"	"Internal (within USC)"	"9-month"	18000	"No"	0	18000	"Psychology"	"Doctorate"	"Arts and Sciences"	0	"Social Science"
"188"	96300244	"Doctorate"	"Psychology"	"Yes"	"Yes"	"Graduate Teaching Assistant"	"Internal (within USC)"	"9-month"	18250	"No"	0	18250	"Psychology"	"Doctorate"	"Arts and Sciences"	0	"Social Science"
"189"	96300727	"Doctorate"	"Psychology"	"Yes"	"Yes"	"Graduate Teaching Assistant"	"Internal (within USC)"	"9-month"	18250	"No"	0	18250	"Psychology"	"Doctorate"	"Arts and Sciences"	0	"Social Science"
"190"	96300895	"Doctorate"	"Psychology"	"Yes"	"Yes"	"Graduate Teaching Assistant"	"Internal (within USC)"	"12-month"	21000	"No"	0	21000	"Psychology"	"Doctorate"	"Arts and Sciences"	0	"Social Science"
"191"	96301432	"Doctorate"	"Psychology"	"Yes"	"Yes"	"Graduate Teaching Assistant"	"Internal (within USC)"	"9-month"	18980	"No"	0	18980	"Psychology"	"Doctorate"	"Arts and Sciences"	0	"Social Science"
"192"	96303126	"Doctorate"	"Psychology"	"Yes"	"Yes"	"Graduate Research Assistant"	"Both"	"9-month"	25000	"Yes"	4000	29000	"Psychology"	"Doctorate"	"Arts and Sciences"	0	"Social Science"
"193"	96303191	"Doctorate"	"Psychology"	"Yes"	"Yes"	"Graduate Teaching Assistant"	"Internal (within USC)"	"9-month"	18250	"Yes"	1000	19250	"Psychology"	"Doctorate"	"Arts and Sciences"	0	"Social Science"
"194"	96305530	"Doctorate"	"Psychology"	"Yes"	"Yes"	"Graduate Teaching Assistant"	"Internal (within USC)"	"9-month"	18250	"No"	0	18250	"Psychology"	"Doctorate"	"Arts and Sciences"	0	"Social Science"
"195"	96330137	"Doctorate"	"Psychology"	"Yes"	"Yes"	"Graduate Teaching Assistant"	"Internal (within USC)"	"9-month"	18250	"No"	0	18250	"Psychology"	"Doctorate"	"Arts and Sciences"	0	"Social Science"
"196"	96331451	"Doctorate"	"Psychology"	"Yes"	"Yes"	"Instructor of Record"	"Internal (within USC)"	"9-month"	18250	"No"	0	18250	"Psychology"	"Doctorate"	"Arts and Sciences"	0	"Social Science"
"197"	96332174	"Doctorate"	"Psychology"	"Yes"	"Yes"	"Graduate Research Assistant"	"Both"	"Other"	24250	"No"	0	24250	"Psychology"	"Doctorate"	"Arts and Sciences"	0	"Social Science"
"198"	96346407	"Doctorate"	"Psychology"	"Yes"	"Yes"	"Graduate Teaching Assistant"	"Internal (within USC)"	"Semester-based"	33000	"No"	0	33000	"Psychology"	"Doctorate"	"Arts and Sciences"	0	"Social Science"
"199"	96346432	"Doctorate"	"Psychology"	"Yes"	"Yes"	"Graduate Teaching Assistant"	"Internal (within USC)"	"9-month"	18000	"No"	0	18000	"Psychology"	"Doctorate"	"Arts and Sciences"	0	"Social Science"
"200"	96300906	"Doctorate"	"Psychology- Psychology Community "	"Yes"	"Yes"	"Graduate Teaching Assistant"	"Internal (within USC)"	"9-month"	18224	"No"	0	18224	"Psychology"	"Doctorate"	"Arts and Sciences"	0.232323232323232	"Social Science"
"201"	96300024	"Doctorate"	"Psychology-Community Psychology"	"Yes"	"Yes"	"Graduate Teaching Assistant"	"Internal (within USC)"	"Semester-based"	18000	"No"	0	18000	"Psychology"	"Doctorate"	"Arts and Sciences"	0.225806451612903	"Social Science"
"202"	96318330	"Doctorate"	"Psychology-Community Psychology"	"Yes"	"Yes"	"Graduate Research Assistant"	"Both"	"9-month"	18250	"Yes"	25000	43250	"Psychology"	"Doctorate"	"Arts and Sciences"	0.225806451612903	"Social Science"
"203"	96301746	"Doctorate"	"Psychology-Community Psychology Program"	"Yes"	"Yes"	"Graduate Teaching Assistant"	"Internal (within USC)"	"9-month"	18000	"No"	0	18000	"Psychology"	"Doctorate"	"Arts and Sciences"	0.247863247863248	"Social Science"
"204"	96301968	"Doctorate"	"Psychology community Paychology"	"Yes"	"Yes"	"Other"	"Internal (within USC)"	"12-month"	25000	"No"	0	25000	"Psychology"	"Doctorate"	"Arts and Sciences"	0.225806451612903	"Social Science"
"205"	96305761	"Doctorate"	"Psychology Community Psychology"	"Yes"	"Yes"	"Graduate Teaching Assistant"	"Internal (within USC)"	"9-month"	18250	"Yes"	10000	28250	"Psychology"	"Doctorate"	"Arts and Sciences"	0.225806451612903	"Social Science"
"206"	96303014	"Doctorate"	"Psychology Department"	"Yes"	"Yes"	"Graduate Teaching Assistant"	"Internal (within USC)"	"9-month"	18250	"Yes"	10000	28250	"Psychology"	"Doctorate"	"Arts and Sciences"	0.174603174603175	"Social Science"
"207"	96301328	"Doctorate"	"Psychology, Psychology-Community"	"Yes"	"Yes"	"Graduate Teaching Assistant"	"Internal (within USC)"	"9-month"	18250	"No"	0	18250	"Psychology"	"Doctorate"	"Arts and Sciences"	0.229166666666667	"Social Science"
"208"	96300099	"Doctorate"	"School of Journalism and Mass Communication"	"Yes"	"Yes"	"Graduate Research Assistant"	"Internal (within USC)"	"9-month"	18000	"No"	0	18000	"Journalism and Mass Communications"	"Doctorate"	"Information and Communications"	0.233787947878235	"Humanities"
"209"	96330522	"Doctorate"	"SEOE"	"Yes"	"Yes"	"Graduate Research Assistant"	"Internal (within USC)"	"9-month"	17250	"No"	0	17250	"SEOE"	"Doctorate"	"Arts and Sciences"	0	"Natural Science"
"210"	96346999	"Doctorate"	"SEOE Marine Science"	"Yes"	"Yes"	"Graduate Teaching Assistant"	"Internal (within USC)"	"12-month"	25000	"No"	0	25000	"Marine Science"	"Doctorate"	"Arts and Sciences"	0.182957393483709	"Natural Science"
"211"	96300627	"Doctorate"	"Social Work"	"Yes"	"Yes"	"Graduate Research Assistant"	"Internal (within USC)"	"9-month"	18000	"No"	0	18000	"Social Work"	"Doctorate"	"Social Work"	0	"Professional"
"212"	96300171	"Doctorate"	"Special Education"	"No"	"Yes"	"Graduate Teaching Assistant"	"Internal (within USC)"	"9-month"	20000	"No"	0	20000	"Special Education"	"Doctorate"	"Education"	0	"Professional"
"213"	96300075	"Doctorate"	"Sport and Entertainment Management"	"Yes"	"Yes"	"Graduate Teaching Assistant"	"Internal (within USC)"	"9-month"	20000	"No"	0	20000	"Sport and Entertainment Management"	"Doctorate"	"Hospitality Retail and Sport Management"	0	"Humanities"
"214"	96300911	"Doctorate"	"Sport and Entertainment Management"	"Yes"	"Yes"	"Graduate Research Assistant"	"Internal (within USC)"	"9-month"	21000	"No"	0	21000	"Sport and Entertainment Management"	"Doctorate"	"Hospitality Retail and Sport Management"	0	"Humanities"
"215"	96302020	"Doctorate"	"Sport and Entertainment Management"	"Yes"	"Yes"	"Graduate Teaching Assistant"	"Internal (within USC)"	"9-month"	20000	"No"	0	20000	"Sport and Entertainment Management"	"Doctorate"	"Hospitality Retail and Sport Management"	0	"Humanities"
"216"	96300722	"Doctorate"	"statistics"	"Partially"	"Yes"	"Graduate Teaching Assistant"	"Internal (within USC)"	"Semester-based"	18000	"Yes"	0	18000	"Statistics"	"Doctorate"	"Arts and Sciences"	0.0666666666666668	"Natural Science"
"217"	96300084	"Doctorate"	"Statistics"	"Partially"	"Yes"	"Graduate Teaching Assistant"	"Internal (within USC)"	"9-month"	18000	"No"	0	18000	"Statistics"	"Doctorate"	"Arts and Sciences"	0	"Natural Science"
"218"	96300220	"Doctorate"	"Statistics"	"Yes"	"Yes"	"Graduate Teaching Assistant"	"Internal (within USC)"	"Semester-based"	17000	"No"	0	17000	"Statistics"	"Doctorate"	"Arts and Sciences"	0	"Natural Science"
"219"	96354650	"Doctorate"	"Statistics"	"Yes"	"Yes"	"Graduate Teaching Assistant"	"Internal (within USC)"	"Semester-based"	18000	"No"	0	18000	"Statistics"	"Doctorate"	"Arts and Sciences"	0	"Natural Science"
"220"	96299932	"Master's"	"Accounting"	"Yes"	"Yes"	"Other"	"Internal (within USC)"	"Semester-based"	2000	"No"	0	2000	"Accountancy"	"Master's"	"Business"	0.157575757575758	"Professional"
"221"	96299904	"Master's"	"Advanced Athletic Training"	"Yes"	"Yes"	"Graduate Staff Assistant"	"Internal (within USC)"	"12-month"	8000	"No"	0	8000	"Athletic Training, Advanced"	"Master's"	"Public Health"	0.232771790742805	"Professional"
"222"	96304752	"Master's"	"Aerospace Engineering"	"Yes"	"Yes"	"Graduate Research Assistant"	"Internal (within USC)"	"12-month"	30000	"No"	0	30000	"Aerospace Engineering"	"Master's"	"Engineering and Computing"	0	"Engineering"
"223"	96304752	"Master's"	"Aerospace Engineering"	"Yes"	"Yes"	"Graduate Research Assistant"	"Internal (within USC)"	"12-month"	30000	"No"	0	30000	"Aerospace Engineering"	"Master's"	"Engineering and Computing"	0	"Engineering"
"224"	96300141	"Master's"	"Anthropology"	"Yes"	"Yes"	"Graduate Teaching Assistant"	"Internal (within USC)"	"9-month"	1400	"No"	0	1400	"Anthropology"	"Master's"	"Arts and Sciences"	0	"Social Science"
"225"	96346815	"Master's"	"Art History at SVAD"	"Partially"	"Yes"	"Graduate Teaching Assistant"	"Internal (within USC)"	"Semester-based"	3000	"No"	0	3000	"Art History"	"Master's"	"Arts and Sciences"	0.140350877192982	"Humanities"
"226"	96303852	"Master's"	"Athletic Training"	"Yes"	"Yes"	"Other"	"Internal (within USC)"	"9-month"	22000	"No"	0	22000	"Athletic Training"	"Master's"	"Public Health"	0	"Natural Science"
"227"	96301891	"Master's"	"Biological"	"Yes"	"Yes"	"Graduate Teaching Assistant"	"Internal (within USC)"	"12-month"	26000	"No"	0	26000	"Biological Sciences"	"Master's"	"Arts and Sciences"	0.157894736842105	"Natural Science"
"228"	96329884	"Master's"	"Biological"	"Yes"	"Yes"	"Graduate Teaching Assistant"	"Internal (within USC)"	"Semester-based"	26000	"No"	0	26000	"Biological Sciences"	"Master's"	"Arts and Sciences"	0.157894736842105	"Natural Science"
"229"	96318916	"Master's"	"Biological Sciences"	"Yes"	"Yes"	"Graduate Teaching Assistant"	"Internal (within USC)"	"Semester-based"	26000	"No"	0	26000	"Biological Sciences"	"Master's"	"Arts and Sciences"	0	"Natural Science"
"230"	96346568	"Master's"	"Biostatistics"	"No"	"Yes"	"Graduate Research Assistant"	"Internal (within USC)"	"Semester-based"	14400	"No"	0	14400	"Biostatistics"	"Master's"	"Public Health"	0	"Natural Science"
"231"	96357049	"Master's"	"Business school"	"No"	"Yes"	"Graduate Teaching Assistant"	"Internal (within USC)"	"9-month"	4200	"No"	0	4200	"Business Analytics"	"Master's"	"Business"	0.205555555555556	"Professional"
"232"	96299989	"Master's"	"Computer science"	"Yes"	"Yes"	"Graduate Teaching Assistant"	"Internal (within USC)"	"Semester-based"	10000	"No"	0	10000	"Computer Science"	"Master's"	"Engineering and Computing"	0.0416666666666667	"Engineering"
"233"	96305025	"Master's"	"Computer Science"	"Yes"	"Yes"	"Other"	"Internal (within USC)"	"Semester-based"	8000	"No"	0	8000	"Computer Science"	"Master's"	"Engineering and Computing"	0	"Engineering"
"234"	96350738	"Master's"	"Computer Science"	"Yes"	"Yes"	"Graduate Research Assistant"	"Internal (within USC)"	"12-month"	24000	"No"	0	24000	"Computer Science"	"Master's"	"Engineering and Computing"	0	"Engineering"
"235"	96300624	"Master's"	"Creative Writing"	"Yes"	"Yes"	"Graduate Teaching Assistant"	"Internal (within USC)"	"9-month"	10000	"No"	0	10000	"Creative Writing"	"Master's"	"Arts and Sciences"	0	"Humanities"
"236"	96346204	"Master's"	"Department of Languages, Literatures, and Cultures"	"Yes"	"Yes"	"Graduate Teaching Assistant"	"Internal (within USC)"	"Semester-based"	13500	"No"	0	13500	"Languages, Literatures, and Cultures"	"Master's"	"Arts and Sciences"	0.246111111111111	"Humanities"
"237"	96303200	"Master's"	"Educational Psychology and Research"	"No"	"Yes"	"Graduate Research Assistant"	"Internal (within USC)"	"9-month"	15000	"No"	0	15000	"Educational Psychology and Research"	"Master's"	"Education"	0	"Humanities"
"238"	96300103	"Master's"	"English"	"Partially"	"Yes"	"Graduate Teaching Assistant"	"Internal (within USC)"	"9-month"	12800	"No"	0	12800	"English"	"Master's"	"Arts and Sciences"	0	"Humanities"
"239"	96303162	"Master's"	"English"	"Yes"	"Yes"	"Other"	"Internal (within USC)"	"9-month"	10000	"No"	0	10000	"English"	"Master's"	"Arts and Sciences"	0	"Humanities"
"240"	96303174	"Master's"	"English"	"Partially"	"Yes"	"Other"	"Internal (within USC)"	"9-month"	8000	"Yes"	1200	9200	"English"	"Master's"	"Arts and Sciences"	0	"Humanities"
"241"	96319398	"Master's"	"English"	"Yes"	"Yes"	"Other"	"Internal (within USC)"	"Semester-based"	15000	"No"	0	15000	"English"	"Master's"	"Arts and Sciences"	0	"Humanities"
"242"	96303751	"Master's"	"English & Library Information Science"	"Partially"	"Yes"	"Graduate Teaching Assistant"	"Internal (within USC)"	"9-month"	8125	"Yes"	0	8125	"Library and Information Science"	"Master's"	"Information and Communications"	0.225761356462135	"Social Science"
"243"	96301914	"Master's"	"English MA"	"Partially"	"Yes"	"Graduate Teaching Assistant"	"Internal (within USC)"	"12-month"	10000	"No"	0	10000	"English"	"Master's"	"Arts and Sciences"	0.1	"Humanities"
"244"	96346311	"Master's"	"English MA"	"Partially"	"Yes"	"Instructor of Record"	"Internal (within USC)"	"12-month"	12800	"No"	0	12800	"English"	"Master's"	"Arts and Sciences"	0.1	"Humanities"
"245"	96308718	"Master's"	"English MFA"	"Yes"	"Yes"	"Graduate Teaching Assistant"	"Internal (within USC)"	"12-month"	10500	"No"	0	10500	"English"	"Master's"	"Arts and Sciences"	0.121212121212121	"Humanities"
"246"	96306653	"Master's"	"ESOE "	"Yes"	"Yes"	"Graduate Teaching Assistant"	"Internal (within USC)"	"12-month"	22250	"No"	0	22250	"SEOE"	"Master's"	"Arts and Sciences"	0.15	"Natural Science"
"247"	96301505	"Master's"	"Exercise Science"	"Partially"	"Yes"	"Graduate Research Assistant"	"Internal (within USC)"	"Semester-based"	5400	"Yes"	1000	6400	"Exercise Science"	"Master's"	"Public Health"	0	"Natural Science"
"248"	96302105	"Master's"	"Genetic counseling"	"Partially"	"Yes"	"Graduate Staff Assistant"	"Internal (within USC)"	"9-month"	5000	"Yes"	30000	35000	"Genetic Counseling"	"Master's"	"Medicine"	0.0370370370370371	"Professional"
"249"	96301017	"Master's"	"Genetic Counseling"	"No"	"Yes"	"Other"	"Both"	"Semester-based"	1000	"No"	0	1000	"Genetic Counseling"	"Master's"	"Medicine"	0	"Professional"
"250"	96346635	"Master's"	"Genetic Counseling"	"No"	"Yes"	"Other"	"Internal (within USC)"	"Semester-based"	1500	"No"	0	1500	"Genetic Counseling"	"Master's"	"Medicine"	0	"Professional"
"251"	96303521	"Master's"	"geography"	"Yes"	"Yes"	"Graduate Research Assistant"	"Internal (within USC)"	"9-month"	12500	"No"	0	12500	"Geography"	"Master's"	"Arts and Sciences"	0.136574074074074	"Natural Science"
"252"	96303521	"Master's"	"geography"	"Yes"	"Yes"	"Graduate Research Assistant"	"Internal (within USC)"	"9-month"	12500	"No"	0	12500	"Geography"	"Master's"	"Arts and Sciences"	0.136574074074074	"Natural Science"
"253"	96300508	"Master's"	"Geography"	"Yes"	"Yes"	"Graduate Teaching Assistant"	"Internal (within USC)"	"Semester-based"	12000	"No"	0	12000	"Geography"	"Master's"	"Arts and Sciences"	0	"Natural Science"
"254"	96300508	"Master's"	"Geography"	"Yes"	"Yes"	"Graduate Teaching Assistant"	"Internal (within USC)"	"Semester-based"	12000	"No"	0	12000	"Geography"	"Master's"	"Arts and Sciences"	0	"Natural Science"
"255"	96301309	"Master's"	"Geography"	"Yes"	"Yes"	"Graduate Teaching Assistant"	"Internal (within USC)"	"9-month"	12000	"Yes"	6000	18000	"Geography"	"Master's"	"Arts and Sciences"	0	"Natural Science"
"256"	96301309	"Master's"	"Geography"	"Yes"	"Yes"	"Graduate Teaching Assistant"	"Internal (within USC)"	"9-month"	12000	"Yes"	6000	18000	"Geography"	"Master's"	"Arts and Sciences"	0	"Natural Science"
"257"	96301769	"Master's"	"Health Promotion"	"No"	"Yes"	"Graduate Research Assistant"	"Internal (within USC)"	"Semester-based"	9000	"No"	0	9000	"Health Promotion, Education, and Behavior"	"Master's"	"Public Health"	0.209302325581395	"Social Science"
"258"	96301948	"Master's"	"Higher education & student affairs"	"Partially"	"Yes"	"Graduate Staff Assistant"	"Internal (within USC)"	"12-month"	9250	"No"	0	9250	"Higher Education and Student Affairs"	"Master's"	"Education"	0.140224190034437	"Humanities"
"259"	96300003	"Master's"	"Higher Education and Student Affairs"	"Partially"	"Yes"	"Graduate Staff Assistant"	"Internal (within USC)"	"9-month"	9250	"No"	0	9250	"Higher Education and Student Affairs"	"Master's"	"Education"	0	"Humanities"
"260"	96300165	"Master's"	"Higher Education and Student Affairs"	"Partially"	"Yes"	"Graduate Staff Assistant"	"Internal (within USC)"	"9-month"	9000	"No"	0	9000	"Higher Education and Student Affairs"	"Master's"	"Education"	0	"Humanities"
"261"	96300469	"Master's"	"Higher Education and Student Affairs"	"Partially"	"Yes"	"Graduate Staff Assistant"	"Both"	"Semester-based"	9250	"No"	0	9250	"Higher Education and Student Affairs"	"Master's"	"Education"	0	"Humanities"
"262"	96300795	"Master's"	"Higher Education and Student Affairs"	"Partially"	"Yes"	"Graduate Staff Assistant"	"Internal (within USC)"	"9-month"	9000	"No"	0	9000	"Higher Education and Student Affairs"	"Master's"	"Education"	0	"Humanities"
"263"	96300882	"Master's"	"Higher Education and Student Affairs"	"Partially"	"Yes"	"Graduate Staff Assistant"	"Internal (within USC)"	"9-month"	9250	"No"	0	9250	"Higher Education and Student Affairs"	"Master's"	"Education"	0	"Humanities"
"264"	96300913	"Master's"	"Higher Education and Student Affairs"	"Partially"	"Yes"	"Graduate Staff Assistant"	"Internal (within USC)"	"9-month"	9000	"No"	0	9000	"Higher Education and Student Affairs"	"Master's"	"Education"	0	"Humanities"
"265"	96301172	"Master's"	"Higher Education and Student Affairs"	"Partially"	"Yes"	"Graduate Staff Assistant"	"Internal (within USC)"	"12-month"	9000	"No"	0	9000	"Higher Education and Student Affairs"	"Master's"	"Education"	0	"Humanities"
"266"	96301599	"Master's"	"Higher Education and Student Affairs"	"Partially"	"Yes"	"Graduate Staff Assistant"	"Internal (within USC)"	"Semester-based"	9500	"No"	0	9500	"Higher Education and Student Affairs"	"Master's"	"Education"	0	"Humanities"
"267"	96305020	"Master's"	"Higher Education and Student Affairs"	"Partially"	"Yes"	"Graduate Staff Assistant"	"Internal (within USC)"	"Semester-based"	18000	"No"	0	18000	"Higher Education and Student Affairs"	"Master's"	"Education"	0	"Humanities"
"268"	96308670	"Master's"	"Higher Education and Student Affairs"	"Partially"	"Yes"	"Graduate Staff Assistant"	"Both"	"9-month"	9000	"No"	0	9000	"Higher Education and Student Affairs"	"Master's"	"Education"	0	"Humanities"
"269"	96330332	"Master's"	"Higher Education and Student Affairs"	"Partially"	"Yes"	"Graduate Staff Assistant"	"Internal (within USC)"	"9-month"	13500	"No"	0	13500	"Higher Education and Student Affairs"	"Master's"	"Education"	0	"Humanities"
"270"	96346726	"Master's"	"Higher Education and Student Affairs"	"Partially"	"Yes"	"Graduate Staff Assistant"	"Internal (within USC)"	"9-month"	18000	"No"	0	18000	"Higher Education and Student Affairs"	"Master's"	"Education"	0	"Humanities"
"271"	96329906	"Master's"	"Higher Education Student Affairs"	"Partially"	"Yes"	"Graduate Staff Assistant"	"Both"	"9-month"	4500	"No"	0	4500	"Higher Education and Student Affairs"	"Master's"	"Education"	0.0943287037037037	"Humanities"
"272"	96301279	"Master's"	"History"	"Yes"	"Yes"	"Graduate Teaching Assistant"	"Internal (within USC)"	"12-month"	12500	"Yes"	1250	13750	"History"	"Master's"	"Arts and Sciences"	0	"Humanities"
"273"	96301419	"Master's"	"History"	"Yes"	"Yes"	"Graduate Teaching Assistant"	"Internal (within USC)"	"9-month"	15250	"No"	0	15250	"History"	"Master's"	"Arts and Sciences"	0	"Humanities"
"274"	96299930	"Master's"	"International Business"	"Partially"	"Yes"	"Graduate Teaching Assistant"	"Internal (within USC)"	"Semester-based"	2400	"No"	0	2400	"International Business"	"Master's"	"Business"	0	"Professional"
"275"	96299930	"Master's"	"International Business"	"Partially"	"Yes"	"Graduate Teaching Assistant"	"Internal (within USC)"	"Semester-based"	2400	"No"	0	2400	"International Business"	"Master's"	"Business"	0	"Professional"
"276"	96300147	"Master's"	"International Business"	"Partially"	"Yes"	"Graduate Teaching Assistant"	"Internal (within USC)"	"Semester-based"	2400	"No"	0	2400	"International Business"	"Master's"	"Business"	0	"Professional"
"277"	96300147	"Master's"	"International Business"	"Partially"	"Yes"	"Graduate Teaching Assistant"	"Internal (within USC)"	"Semester-based"	2400	"No"	0	2400	"International Business"	"Master's"	"Business"	0	"Professional"
"278"	96300138	"Master's"	"International MBA"	"Partially"	"Yes"	"Graduate Research Assistant"	"Both"	"Other"	10500	"No"	0	10500	"International Business"	"Master's"	"Business"	0.145276292335116	"Professional"
"279"	96300138	"Master's"	"International MBA"	"Partially"	"Yes"	"Graduate Research Assistant"	"Both"	"Other"	10500	"No"	0	10500	"International Business"	"Master's"	"Business"	0.145276292335116	"Professional"
"280"	96300204	"Master's"	"Learning Design and Technologies"	"Yes"	"Yes"	"Graduate Staff Assistant"	"Internal (within USC)"	"Semester-based"	24000	"No"	0	24000	"Learning Design and Technologies"	"Master's"	"Education"	0	"Social Science"
"281"	96326940	"Master's"	"Library and Information Sciences AND DEI certification "	"Partially"	"Yes"	"Graduate Staff Assistant"	"Internal (within USC)"	"Semester-based"	1500	"Yes"	500	2000	"Library and Information Science"	"Master's"	"Information and Communications"	0.145454545454546	"Social Science"
"282"	96300064	"Master's"	"Marine science"	"Yes"	"Yes"	"Graduate Teaching Assistant"	"Internal (within USC)"	"Semester-based"	7625	"No"	0	7625	"Marine Science"	"Master's"	"Arts and Sciences"	0.0476190476190477	"Natural Science"
"283"	96300483	"Master's"	"Marine science"	"Yes"	"Yes"	"Graduate Teaching Assistant"	"Internal (within USC)"	"Semester-based"	14000	"No"	0	14000	"Marine Science"	"Master's"	"Arts and Sciences"	0.0476190476190477	"Natural Science"
"284"	96300525	"Master's"	"Marine science"	"Yes"	"Yes"	"Graduate Teaching Assistant"	"Internal (within USC)"	"Semester-based"	14000	"No"	0	14000	"Marine Science"	"Master's"	"Arts and Sciences"	0.0476190476190477	"Natural Science"
"285"	96300556	"Master's"	"Marine science"	"Yes"	"Yes"	"Graduate Teaching Assistant"	"Internal (within USC)"	"12-month"	21600	"Yes"	1000	22600	"Marine Science"	"Master's"	"Arts and Sciences"	0.0476190476190477	"Natural Science"
"286"	96301304	"Master's"	"Mechanical"	"Yes"	"Yes"	"Graduate Research Assistant"	"Internal (within USC)"	"Semester-based"	1600	"Yes"	0	1600	"Mechanical Engineering"	"Master's"	"Engineering and Computing"	0.181818181818182	"Engineering"
"287"	96301304	"Master's"	"Mechanical"	"Yes"	"Yes"	"Graduate Research Assistant"	"Internal (within USC)"	"Semester-based"	1600	"Yes"	0	1600	"Mechanical Engineering"	"Master's"	"Engineering and Computing"	0.181818181818182	"Engineering"
"288"	96300018	"Master's"	"mechanical engineering"	"Yes"	"Yes"	"Graduate Research Assistant"	"Both"	"12-month"	16000	"Yes"	16000	32000	"Mechanical Engineering"	"Master's"	"Engineering and Computing"	0.102272727272727	"Engineering"
"289"	96300018	"Master's"	"mechanical engineering"	"Yes"	"Yes"	"Graduate Research Assistant"	"Both"	"12-month"	16000	"Yes"	16000	32000	"Mechanical Engineering"	"Master's"	"Engineering and Computing"	0.102272727272727	"Engineering"
"290"	96300334	"Master's"	"Media Arts"	"Partially"	"Yes"	"Graduate Teaching Assistant"	"Both"	"Semester-based"	16000	"Yes"	7200	23200	"Media Arts"	"Master's"	"Arts and Sciences"	0	"Humanities"
"291"	96300096	"Master's"	"MPH Epidemiology  Arnold School of Public Health"	"Partially"	"Yes"	"Graduate Research Assistant"	"Internal (within USC)"	"9-month"	10400	"Yes"	0	10400	"Epidemiology"	"Master's"	"Public Health"	0.25	"Natural Science"
"292"	96300096	"Master's"	"MPH Epidemiology  Arnold School of Public Health"	"Partially"	"Yes"	"Graduate Research Assistant"	"Internal (within USC)"	"9-month"	10400	"Yes"	0	10400	"Epidemiology"	"Master's"	"Public Health"	0.25	"Natural Science"
"293"	96302343	"Master's"	"MS business analytics"	"No"	"Yes"	"Graduate Teaching Assistant"	"Internal (within USC)"	"9-month"	4200	"No"	0	4200	"Business Analytics"	"Master's"	"Business"	0.210152116402117	"Professional"
"294"	96300267	"Master's"	"Music"	"Yes"	"Yes"	"Other"	"Internal (within USC)"	"Semester-based"	7000	"Yes"	1800	8800	"Music"	"Master's"	"Music"	0	"Humanities"
"295"	96351479	"Master's"	"Music"	"Partially"	"Yes"	"Graduate Staff Assistant"	"Both"	"12-month"	3100	"No"	0	3100	"Music"	"Master's"	"Music"	0	"Humanities"
"296"	96347242	"Master's"	"Music - Piano performance"	"Yes"	"Yes"	"Graduate Staff Assistant"	"Internal (within USC)"	"9-month"	6000	"No"	0	6000	"Music Performance"	"Master's"	"Music"	0.175294117647059	"Humanities"
"297"	96347331	"Master's"	"Music Department"	"Partially"	"Yes"	"Other"	"Internal (within USC)"	"Semester-based"	8000	"No"	0	8000	"Music"	"Master's"	"Music"	0.229166666666667	"Humanities"
"298"	96304064	"Master's"	"Physics and Astronomy"	"Yes"	"Yes"	"Graduate Teaching Assistant"	"Internal (within USC)"	"Semester-based"	8600	"No"	0	8600	"Physics"	"Master's"	"Arts and Sciences"	0.222222222222222	"Natural Science"
"299"	96321726	"Master's"	"Psychology Rehabilitation Counseling"	"Partially"	"Yes"	"Graduate Research Assistant"	"Internal (within USC)"	"Semester-based"	1500	"No"	0	1500	"Psychology"	"Master's"	"Arts and Sciences"	0.240740740740741	"Social Science"
"300"	96329670	"Master's"	"Public Health"	"Partially"	"Yes"	"Graduate Teaching Assistant"	"Internal (within USC)"	"12-month"	12000	"No"	0	12000	"Public History"	"Master's"	"Arts and Sciences"	0.221611721611722	"Humanities"
"301"	96300475	"Master's"	"Public History"	"Partially"	"Yes"	"Graduate Teaching Assistant"	"Internal (within USC)"	"Semester-based"	15000	"No"	0	15000	"Public History"	"Master's"	"Arts and Sciences"	0	"Humanities"
"302"	96342498	"Master's"	"Public History"	"Yes"	"Yes"	"Graduate Teaching Assistant"	"Internal (within USC)"	"Semester-based"	16000	"No"	0	16000	"Public History"	"Master's"	"Arts and Sciences"	0	"Humanities"
"303"	96301253	"Master's"	"SEOE"	"Yes"	"Yes"	"Graduate Teaching Assistant"	"Internal (within USC)"	"Semester-based"	15250	"No"	0	15250	"SEOE"	"Master's"	"Arts and Sciences"	0	"Natural Science"
"304"	96318233	"Master's"	"SEOE"	"Partially"	"Yes"	"Graduate Teaching Assistant"	"Internal (within USC)"	"12-month"	21500	"No"	0	21500	"SEOE"	"Master's"	"Arts and Sciences"	0	"Natural Science"
"305"	96319623	"Master's"	"SEOE"	"Yes"	"Yes"	"Graduate Teaching Assistant"	"Internal (within USC)"	"Semester-based"	15625	"No"	0	15625	"SEOE"	"Master's"	"Arts and Sciences"	0	"Natural Science"
"306"	96304321	"Master's"	"social work"	"Partially"	"Yes"	"Graduate Staff Assistant"	"Internal (within USC)"	"Semester-based"	1200	"No"	0	1200	"Social Work"	"Master's"	"Social Work"	0.121212121212121	"Professional"
"307"	96300000	"Master's"	"Social work"	"Partially"	"Yes"	"Graduate Staff Assistant"	"Internal (within USC)"	"Semester-based"	8000	"No"	0	8000	"Social Work"	"Master's"	"Social Work"	0.0606060606060606	"Professional"
"308"	96340145	"Master's"	"Social work"	"No"	"Yes"	"Graduate Research Assistant"	"Internal (within USC)"	"Semester-based"	1200	"No"	0	1200	"Social Work"	"Master's"	"Social Work"	0.0606060606060606	"Professional"
"309"	96300013	"Master's"	"Social Work"	"Partially"	"Yes"	"Graduate Staff Assistant"	"Internal (within USC)"	"Semester-based"	1200	"No"	0	1200	"Social Work"	"Master's"	"Social Work"	0	"Professional"
"310"	96300390	"Master's"	"Social Work"	"Partially"	"Yes"	"Graduate Staff Assistant"	"Internal (within USC)"	"12-month"	5500	"Yes"	2000	7500	"Social Work"	"Master's"	"Social Work"	0	"Professional"
"311"	96300798	"Master's"	"Sociology"	"Partially"	"Yes"	"Graduate Teaching Assistant"	"Internal (within USC)"	"9-month"	14000	"No"	0	14000	"Sociology"	"Master's"	"Arts and Sciences"	0	"Humanities"
"312"	96346660	"Master's"	"Sociology"	"Yes"	"Yes"	"Graduate Teaching Assistant"	"Internal (within USC)"	"Semester-based"	20000	"No"	0	20000	"Sociology"	"Master's"	"Arts and Sciences"	0	"Humanities"
"313"	96302689	"Master's"	"Sport and Entertainment Management"	"No"	"Yes"	"Graduate Staff Assistant"	"Internal (within USC)"	"Semester-based"	1500	"No"	0	1500	"Sport and Entertainment Management"	"Master's"	"Hospitality Retail and Sport Management"	0	"Humanities"
"314"	96299941	"Master's"	"Statistics"	"Yes"	"Yes"	"Graduate Teaching Assistant"	"Internal (within USC)"	"9-month"	18000	"No"	0	18000	"Statistics"	"Master's"	"Arts and Sciences"	0	"Natural Science"
"315"	96300488	"Master's"	"Statistics"	"Yes"	"Yes"	"Graduate Teaching Assistant"	"Internal (within USC)"	"9-month"	18000	"No"	0	18000	"Statistics"	"Master's"	"Arts and Sciences"	0	"Natural Science"
"316"	96346893	"Master's"	"Statistics"	"Yes"	"Yes"	"Graduate Teaching Assistant"	"Internal (within USC)"	"Semester-based"	9000	"No"	0	9000	"Statistics"	"Master's"	"Arts and Sciences"	0	"Natural Science"
"317"	96300121	"Master's"	"SVAD / MAT Art Education "	"Partially"	"Yes"	"Graduate Teaching Assistant"	"Internal (within USC)"	"Semester-based"	10000	"No"	0	10000	"Art Education"	"Master's"	"Arts and Sciences"	0.198461538461538	"Humanities"
"318"	96300121	"Master's"	"SVAD / MAT Art Education "	"Partially"	"Yes"	"Graduate Teaching Assistant"	"Internal (within USC)"	"Semester-based"	10000	"No"	0	10000	"Art Education"	"Master's"	"Education"	0.198461538461538	"Humanities"
"319"	96302327	"Master's"	"Theatre"	"Partially"	"Yes"	"Graduate Research Assistant"	"Internal (within USC)"	"Semester-based"	11000	"No"	0	11000	"Theatre"	"Master's"	"Arts and Sciences"	0	"Humanities"
"320"	96302327	"Master's"	"Theatre"	"Partially"	"Yes"	"Graduate Research Assistant"	"Internal (within USC)"	"Semester-based"	11000	"No"	0	11000	"Theatre"	"Master's"	"Education"	0	"Humanities"
"321"	96302327	"Master's"	"Theatre"	"Partially"	"Yes"	"Graduate Research Assistant"	"Internal (within USC)"	"Semester-based"	11000	"No"	0	11000	"Theatre"	"Master's"	"Arts and Sciences"	0	"Humanities"
"322"	96308631	"Master's"	"Theatre"	"Partially"	"Yes"	"Other"	"Internal (within USC)"	"9-month"	12000	"No"	0	12000	"Theatre"	"Master's"	"Arts and Sciences"	0	"Humanities"
"323"	96308631	"Master's"	"Theatre"	"Partially"	"Yes"	"Other"	"Internal (within USC)"	"9-month"	12000	"No"	0	12000	"Theatre"	"Master's"	"Education"	0	"Humanities"
"324"	96308631	"Master's"	"Theatre"	"Partially"	"Yes"	"Other"	"Internal (within USC)"	"9-month"	12000	"No"	0	12000	"Theatre"	"Master's"	"Arts and Sciences"	0	"Humanities"
